gene_name	amminoacid	position	UNIPROT	sequence_window	CPT000814	CPT001846	X01BR001	X01BR008	X01BR009	X01BR010	X01BR015	X01BR017	X01BR018	X01BR020
A2M	S	710	P01023	LRVGFYESDVMGRGH	-0.17440257201434	0.716693004440696	0.197176532731681	-0.0332787277068347	-0.536886153429013	0.930971821095661	0.901092779015392	1.95152300012071	1.17444802386279	-0.0678007967096935
AAAS	S	495	Q9NRG9	NAQFPRFSPVLGRAQ	1.22798629302831	0.40202167703372	-1.47492525408388	1.17024083443746	0.383645188915769	0.488109098897189	-1.35122436360668	1.36456905682199	-0.120697144744941	1.30061155180796
AAAS	S	541	Q9NRG9	PPPVLPHSPHSHL__	-1.28192061599331	-1.12173297719751	-0.551741472894855	0.731072086074571	0.0602909559406366	1.17432391563059	0.415767052714445	-0.529543746486654	-0.360069283118677	1.92813765034107
AAGAB	S	311	Q6PD74	DEIEGLSSDEEH___	0.0754816820764665	-0.289002977290861	-0.783833837876196	-0.835474597029364	-1.61041317763534	-0.664367083036833	-0.949264251046656	-0.0140524343980323	-0.558745630279983	-0.72616002545668
AAK1	S	14	Q2M2I8	SRREQGGSGLGSGSS	-0.645269571491025	0.999083693269139	0.0238023837775781	-0.730736904718402	-0.0540249018259283	-1.38947820487839	0.575957250850094	0.373625278391904	0.172664220555227	-1.06350716693937
AAK1	S	18	Q2M2I8	QGGSGLGSGSSGGGG	-0.278901684251909	0.722819841352977	0.629795482260798	-0.526039561092562	0.467455971917174	0.547189746363797	0.852764131687831	0.470015092227653	0.69907649790765	-0.0634999999034816
AAK1	S	21	Q2M2I8	SGLGSGSSGGGGSTS	-0.109393044030412	0.515109798582317	0.539577968860718	0.132495835240586	0.710985944282997	0.382377339086728	0.445459397132545	0.457021886553091	-0.253527196186756	-0.0764023903221173
AAK1	S	624	Q2M2I8	GSLTPPSSPKTQRAG	-0.604768678028103	-0.742188525154118	0.222453769215632	-0.298513799374326	-0.458337845026722	-0.249188325429955	-0.859147985737723	-0.267490560300233	-0.835401179857654	-0.494844620761793
AAK1	S	637	Q2M2I8	AGHRRILSDVTHSAV	0.485356367965844	0.73961991834178	0.00864424593290735	0.130068893782258	-0.247025254340496	-0.318357881275425	-1.07864864184853	-0.14730340781053	-0.00436026334418898	-0.195812748706354
AAK1	S	652	Q2M2I8	FGVPASKSTQLLQAA	0.564691613900713	0.133984085075994	-1.17189546331191	-1.87086849668848	-2.06647149093945	-1.30731303620487	-1.34810666744278	-1.31040716142857	-0.324934407475647	-0.607845948611282
AAK1	S	678	Q2M2I8	ATTTPSGSPRTSQQN	-2.51300533116098	-1.93915929970349	-0.413922088017651	0.255283904647861	0.413507054482	1.19513979808775	0.443380933023278	0.367128675554623	-2.34923405918216	0.0408997343335838
AAK1	S	682	Q2M2I8	PSGSPRTSQQNVYNP	-0.00385356385840289	-0.148284977058198	0.846663226336745	-0.435787675610995	-0.635229506701492	-0.525947260078864	-0.0625766158611457	-0.484067526625685	-0.226101771674031	-1.1962118175709
AAK1	S	731	Q2M2I8	HPEKLGGSAESLIPG	0.583959433192727	0.591334941283582	-0.189009893594313	0.024117730742133	0.508791480487223	-0.0919627772537895	0.808225615060681	0.312966780161202	0.734483200717512	-0.363628153497759
AAK1	S	831	Q2M2I8	KADVAVESLIPGLEP	0.701830317711626	1.52772333095543	0.21799150591558	0.118591418652482	-0.0595676997894614	1.6931962532074	0.783720056887894	-0.20146530320395	1.66871701637678	0.593452230622775
AAK1	S	846	Q2M2I8	PVPQRLPSQTESVTS	-0.192332134893048	0.190979387587595	-0.755445570947799	-0.091465356210731	-0.500813119458078	-0.385106099109968	-1.69068209116661	0.671122197673641	0.831965717407917	-0.323824700703014
AAK1	T	389	Q2M2I8	LPIQPALTPRKRATV	0.450674293240218	0.327462657670187	0.0987952762722651	-0.65967302514174	-0.335471085177881	-0.978898890656196	-0.120922072642712	-0.60107699294498	-0.365503814243319	-0.344232403195235
AAK1	T	606	Q2M2I8	QQPKVQTTPPPAVQG	-0.89368962831186	-0.648330243795184	0.573085431464727	-0.719891510076499	-0.043691024683416	0.0703475807453224	0.0318450393884122	0.238255847532467	-0.315013228562058	-0.131216467264034
AAK1	T	620	Q2M2I8	GQKVGSLTPPSSPKT	-0.104768767400329	0.235339921454724	0.349103999891499	0.252856963189533	0.0126134088651253	-0.16492576264971	-0.051961602731675	0.794915849339948	0.142751230355404	-0.353930278346497
AAK1	T	674	Q2M2I8	KSKSATTTPSGSPRT	-3.14320753065454	-1.87383338050322	0.0831320417404078	0.0445950492967743	0.320426175808635	0.466720613134004	-0.0537801579162884	-0.0552211241168907	-2.21204374439616	-0.285117529447107
AAMDC	S	46	Q9H7C9	RETGTEHSPGVQPAD	-0.52003844269147	0.0987872295663932	-0.23760901098227	-1.75164499754813	-1.30837522438911	-0.115853312294932	-0.387113940350978	0.018430579788374	0.390843895417518	0.264625497605744
AAMDC	T	35	Q9H7C9	VWPGGSRTWDWRETG	0.0531310116977298	0.510360055291587	0.233556440356246	-0.765624188181865	-0.399753879755568	0.407559254400365	0.849572204662885	0.241504148951108	0.606013412619887	0.0731135457056024
AATF	S	153	Q9NY61	TPGFSVQSISDFEKF	1.36281285852418	0.254652427086829	1.38065517005778	-0.0156234356379856	-0.435390559019085	-1.61344629192503	-0.211038337951646	-0.219826994207401	1.10333620274695	0.29432546883529
AATF	S	203	Q9NY61	DRAGDRNSEDDGVVM	-0.685413597206398	-0.116184409536563	-1.18439859345672	-0.754854635460535	0.753461218714353	0.498117296009019	-0.50404252924497	-1.25518603731168	-0.87818231440861	0.0785106240506526
AATF	S	321	Q9NY61	AGSEEISSEDDELVE	1.08236974872891	1.00590152417214	0.0595621901173419	-0.0385276956509547	-0.454918547442803	-0.547335745842049	-1.05257473201994	-0.454059179713863	0.378290564501988	-0.203318060779939
ABCA1	S	1145	O95477	SLSSCRNSSSTVSYL	-0.911071289960424	0.820663072494754	-1.49520258760417	-0.32983651257087	-0.55483802128400606	-0.229091219939265	-1.56760732355359	-0.376873579810545	0.397415886544991	-1.02839641277949
ABCA1	S	1296	O95477	DAADPNDSDIDPESR	-0.379046175022154	0.151547801927924	-1.57823993044624	0.0363069634733866	0.527535242599362	0.0226560416811223	-0.770070952483423	1.46967166314186	0.279629162638509	0.274960465783318
ABCA2	T	2412	Q9BZC7	DEPEDLDTEDEGLIS	0.190269715508642	-0.12341880438685	0.147460876720945	-1.53617810120096	0.0206677542850246	0.218856312082153	-0.266266098569311	0.314026008884672	0.458901918920294	-2.64423107167805
ABCA3	S	508	Q99758	AGKEEEDSDPEKALR	-1.92596304688153	-1.3176258729235	-1.23173021796193	-1.55219419497612	-3.07558530465726	-1.44472531014556	-1.1189559993961	-0.579392506852853	-1.88282373183734	-1.60083371406578
ABCA3	S	866	Q99758	YQHERRASDWAVDSN	-0.00924855326016693	0.341694127846653	0.345048533187443	-0.751214223273043	-1.07054408132982	0.547189746363797	0.129384390801871	-2.42259732107183	-0.50718077681827	-1.15539641258646
ABCC1	S	915	P33527	KQLQRQLSSSSSYSG	-0.505394900029539	0.648260821989445	0.710531664182836	0.406631332015619	0.00740266082692846	2.2368801216554	0.365095702760446	0.229570172000015	0.177886105998434	-0.4270438240521
ABCC1	S	921	P33527	LSSSSSYSGDISRHH	-0.420664664692905	-0.160850323896931	-0.86793490968983	-0.174512259237887	0.461757142610642	0.06284143291145	-0.747727463308802	-0.673598852878543	-0.744277995186343	-0.563741699010325
ABCC1	S	930	P33527	DISRHHNSTAELQKA	-2.00920002622304	-1.57476424138023	-1.82150144962892	0.444281970715143	0.335395100787127	1.89337296917195	-2.04914291915412	-0.797104922035119	-1.2953773665584	0.236628153690796
ABCC3	S	908	O15438	KQFMRQLSALSSDGE	-0.588605710488623	-0.239084604072261	-0.34065946347912	-0.267266928098355	-0.964925778182087	0.871894917978057	-0.282973412783698	-1.00718528552329	-0.957235784605427	-1.05354010936199
ABCC3	S	911	O15438	MRQLSALSSDGEGQG	-0.348634900929873	-0.491447070659708	-0.17172429780653	-0.507989183996249	-0.446864202022903	-0.0610602492277878	-0.135768244851762	-0.811157356433151	-0.767343156354879	-1.60699045539382
ABCC4	S	404	O15439	QRNRQLPSDGKKMVH	-1.3658957096109	-1.67952174624016	-1.65728828964499	1.21953808280975	-0.968345075766006	1.37888402509868	-1.63018393941473	-0.442969452155058	-2.36351550143994	-0.9661900348368
ABCC4	S	661	O15439	FSESSVWSQQSSRPS	-1.04542370523647	0.266371468619994	-1.31819911844219	-0.267755844781886	-0.900179528984999	0.216354262804195	-0.933679197414742	0.874281738226052	-0.652053715360963	-1.26401261428059
ABCC4	T	646	O15439	EQPPVPGTPTLRNRT	0.0227661661601842	0.797378860716509	0.185954568879122	0.644125431424327	-0.196419650098488	1.02023848243182	-0.164421357215229	0.682284528410995	1.05720588040988	-0.817573039925969
ABCD3	S	40	P28288	LGLHGKKSGKPPLQN	0.185898014574916	-1.46747166812617	-0.970252340141358	-0.678286569202461	-0.993970023422459	-0.275028315172388	-1.26637848943196	-1.72731958698627	-1.18827903630849	-1.57009302862004
ABCE1	S	328	P61221	NLRFRDASLVFKVAE	-0.0358619608385086	-0.527678793481016	0.548765719453274	0.207647957710531	0.398045135448339	-0.139092597192471	-0.47770369845359	-1.45105576032473	0.0318488800792933	-0.650165150475583
ABCF1	S	105	Q8NE71	MERLKKLSVPTSDEE	-0.262716716046617	-0.924767874247311	-2.00692270598325	-0.924588853702339	-1.77469143044498	-1.23935414936487	-1.61222007104178	-1.93739995047444	-0.610310483741696	0.367928950303971
ABCF1	S	140	Q8NE71	AALIQDQSEEEEEEE	0.410597229112828	0.991759916785308	0.102850742976322	0.840328479946019	1.09919019664399	0.891907567852712	0.358460827987512	0.168911673769313	0.160318668176919	0.84337782076324
ABCF1	S	166	Q8NE71	NRINKAVSEEQQPAL	-0.169508640221497	1.1232448168547	2.09913760728303	0.63813391969908	0.677704781132847	0.593760147440619	1.54110690616043	1.25299696461651	0.539029656897564	0.861677289526926
ABCF1	S	228	Q8NE71	AKKAEQGSEEEGEGE	-0.767340903304475	-0.113088121548598	-0.468637646992055	0.817500061853623	1.12107370118108	0.11562660154965	0.214230264976591	-0.272927934414044	-0.0844880013214587	0.125819388918984
ABCF1	S	22	Q8NE71	IGDGESTSPSDKVVK	0.608574072338276	0.707755309507645	-0.289332832224173	-0.0445192073762016	-0.0804674698082392	-0.251690374707913	-0.307612688171516	0.496001503576778	0.197665271603233	0.182826028938577
ABCF2	S	349	Q9UG63	IARFGHGSAKLARQA	-0.812805529405825	-1.37545423710397	-1.87002521710564	0.973961943995196	0.99121637738289	0.598764245996534	-2.57121249332487	-1.46632562952332	-1.46005629807951	0.518541167870529
ABCF3	S	115	Q9NUQ8	GLLKREQSSTVNAKK	-1.6233364982849	-1.83697040165589	-1.37460231545402	-1.88406499086814	-2.13075428551713	-1.88730420108882	-3.56055748089646	-1.86162978912224	-4.44386665439711	-1.25861553593554
ABCF3	S	83	Q9NUQ8	EPQSQGNSQVLLDAP	1.33275506042864	-0.405423345514924	2.8520582699624	-0.217893837805498	0.0976399421185905	-0.865660983011863	1.14122525770967	2.84063959060123	0.865240710089433	1.18221314561342
ABHD11	S	187	Q8NFV4	IADELPRSRARKLAD	-0.174554069867691	0.346733827653029	0.688197903920915	-0.238371156360139	0.730513932706715	0.454129655477186	1.72608831796436	0.432094703927435	-0.937044112655292	-0.524950198405276
ABHD15	S	434	Q6UXT9	GLSRHRASFLGGRRR	-2.03549627582825	0.104442630038281	-1.48233913452668	0.0915411981313037	-0.0344969134022102	0.383949071272981	-0.557544951124256	0.113690549652422	-0.197538887158474	0.865619499221425
ABHD15	S	454	Q6UXT9	RREVSSSSNLEEIFN	0.435784162984226	0.842641878058244	-0.263802387430467	-1.15992212908099	0.557674965482482	0.193674396768516	-0.676144206347592	-0.941089413178776	-3.10564496106538	-0.334534528043973
ABHD16A	T	32	O95870	APASVPETPTAVTAP	-0.434024746910996	0.218015326641315	-0.946983268888574	1.06971386284015	1.30950817967591	0.21126945298125	0.268344562678578	0.0205490372353136	-0.108627430270447	-1.90407237426389
ABHD2	S	415	P08910	ERNKLQCSDTEQVEA	-0.0500963301592376	0.706089186169912	1.3009545997751	0.3431088486711	0.0884458308373847	0.277936959548761	-0.130773315736615	0.746179457909412	0.890287876476448	-0.562645417471487
ABHD8	T	83	Q96I13	VRCQRRITVYRNGRL	-0.819701202230524	0.312531465661129	0.266997419899533	-0.949844213253064	2.07209433585522	-1.38027602160079	-0.505957548884423	0.162158705088951	0.180550291399284	-1.48453386228538
ABI1	S	216	Q8IZP0	VPNDYMTSPARLGSQ	0.936030661206061	0.217776204602794	0.308549332850933	0.192638478254773	0.179171193397382	-0.393903627216334	-0.621534999531878	0.371436205696733	0.892526948888768	1.21341500479575
ABI1	S	222	Q8IZP0	TSPARLGSQHSPGRT	-2.14248516617555	-1.64175628391822	-0.19605709803087	0.355167714042167	0.225141749803411	0.685609569321767	-0.178228297369645	0.536040349323936	-1.05278242484331	0.274323372757006
ABI1	S	225	Q8IZP0	ARLGSQHSPGRTASL	-1.21647377100133	-1.04958828096578	2.12646214523987	0.152897311874655	1.05215585876741	0.28051972009375	2.00883556160655	-0.462459260666902	-1.37879110009941	0.862773571065764
ABI1	S	231	Q8IZP0	HSPGRTASLNQRPRT	-1.94214801508682	-1.24730158371004	-0.002524908268429	-0.18535765387979	-0.949956853203595	-0.738188063505001	-0.492150608730007	0.119127923766234	-0.593880505923013	0.969634790010059
ABI1	S	323	Q8IZP0	RQISRHNSTTSSTSS	-2.87972010183625	-1.67445395442123	-0.578135248001585	-0.876429234138646	-0.516921810297877	-0.562428752776824	-0.278959575808049	0.260993957462952	-2.63066053352374	0.382939574451142
ABI1	T	174	Q8IZP0	RTGTLSRTNPPTQKP	-0.799157366198651	-0.738856278478653	0.822330426112405	0.46354581854062	1.00390577063877	-0.0202104608633317	0.311843847251095	-0.297784501791468	-0.0417068667705032	0.633650729448554
ABI1	T	196	Q8IZP0	RGTLGRNTPYKTLEP	-1.4098263375967	-1.52873758417536	-0.876045843097943	-1.39468336521216	-1.07344770688829	-1.72618284986851	-0.906878429389818	-0.854444503598949	-0.205248338288779	-1.1087439515582
ABI1	T	200	Q8IZP0	GRNTPYKTLEPVKPP	0.511512432654753	0.0728234742200608	-0.615631694248928	-0.999217303545921	-0.68925440852742	0.143391277408274	-0.40834396660992	-0.290228670230717	0.27122101845303	0.516348604792853
ABI1	Y	213	Q8IZP0	PPTVPNDYMTSPARL	0.816618351143802	0.286434370478523	0.41498871306724	-1.53617810120096	-1.52774216049524	-0.288171867405874	-0.0561927618112542	-0.134310202135967	0.440260213318327	0.56045285439381
ABI2	S	183	Q9NYB9	PPTQKPPSPPMSGKG	-0.465317835902149	-0.0619936725247991	-0.187946164622757	-0.65610845487482	0.23661539280723	-0.420296211535434	-0.0573062247269329	-0.155989083342982	0.218518704988485	-0.0957981406246416
ABI2	S	196	Q9NYB9	KGTLGRHSPYRTLEP	-1.41404586653388	-0.0578283641804677	-0.656119878228772	-0.99201232109151	0.586903434182096	0.201180544602389	0.143191330956287	-0.491693973434668	-0.496185330124229	0.641156041522139
ABI2	S	227	Q9NYB9	NMAPSQQSPVRTASV	-1.36358357129586	0.306566694142792	-0.693616324476116	-0.792168860382326	0.399677895364814	0.0527525245325893	-0.403073575475707	-0.429976246480496	-0.0647088357166594	0.499145417568005
ABI2	S	242	Q9NYB9	NQRNRTYSSSGSSGG	0.213914913609841	0.199606881942816	-1.42426516181354	-0.33475829821027	-1.84974605188512	-1.41404272777132	-1.28129889250206	-0.563156604644762	-0.740991999622606	-0.186061185235983
ABI2	S	368	Q9NYB9	TPPTIGGSLPYRRPP	0.103998054628648	0.988358248304104	-0.767611971059969	-1.02325919236748	-0.195279884237181	-0.255483804258365	-0.258768781603741	0.230700015971716	0.404051069894844	-0.251723107187108
ABI2	T	175	Q9NYB9	MGGLPRTTPPTQKPP	-0.567108816553093	0.774261058174276	-0.0359658878117158	0.0144858068293944	0.497317837483405	0.0376595175978136	-1.19006916427745	-0.0606584982307022	0.369990462032267	-0.0548984062910578
ABI3BP	S	765	Q7Z7G0	KQPTVPASGEELENI	-1.40674348650997	0.975792901465371	-0.833430201174987	-0.475528841991114	-0.37680659374793	-2.62960572397188	1.00864893988286	-0.70608186706495	-0.537892196894732	-4.63111486679881
ABI3	S	342	Q9P2A4	ICVTRRYSDGWCEGV	0.329720557634597	0.814178937705312	-0.217331677461987	0.372004620409316	-0.0207437386757784	-0.264281332364731	0.24815376847427	1.02342679261649	0.355709019774488	-0.0667045151708552
ABI3	T	134	Q9P2A4	PENLPPLTPYCRRPL	0.229576066864352	1.01598812698817	0.346956798380074	-0.0385276956509547	-0.847757847639778	0.747272977333364	-0.370117967120599	0.424538872366684	1.84613951915545	0.0785106240506526
ABI3	T	163	Q9P2A4	LSTQLSRTGTLSRKS	-0.975982638327001	0.143130216664751	1.43045575493767	1.48508201965409	0.884671944899173	0.495300392223305	1.14375480002149	1.07360760344512	0.112925825370672	-0.940783558303172
ABL1	S	180	P00519	HYRINTASDGKLYVS	-0.844364010924303	-0.707588613657627	0.190180659374834	-0.406891903872779	0.517985591768429	2.70992885772342	0.31541209094391	1.61990659281408	-0.477480432299882	-0.757361884639002
ABL1	S	569	P00519	LDHEPAVSPLLPRKE	0.535404528576851	0.562872000930651	0.679458328620311	-0.403251491685287	0.299758421523611	0.42265226133514	-0.184537920558491	0.381181109952655	-0.192104356033833	-0.222713811082463
ABL1	S	620	P00519	TPPKRSSSFREMDGQ	-0.702601030483306	-0.409658075664994	-0.966804527771284	-0.16852074751264	-0.402033411478181	0.25751762642192	-0.136686448817322	-0.265179213278846	-0.437985293312663	0.455530094270843
ABL1	S	683	P00519	SGGSGFRSPHLWKKS	0.177167598390073	0.440550779218785	0.646017349077024	-1.02325919236748	0.0287220997049239	0.486817718624694	1.33637819139763	0.299973574486639	-0.824405733163613	-0.0473087648683309
ABL1	S	720	P00519	FLRSCSASCVPHGAK	-1.5554428818961	-0.632432650280985	0.0765234509303146	0.193851948983937	-0.337750616900494	0.145893326686232	0.0996920463837706	0.0942007411405783	-0.319436684128627	-0.0882084992019147
ABL1	S	809	P00519	MESSPGSSPPNLTPK	0.30659917448418	0.282269062134192	0.215340081718352	-0.625999212407441	-0.673145717687621	0.350980656211713	0.77214941659269	0.542536952161217	-0.564243353627004	0.00539707834505023
ABL1	S	919	P00519	GKPSQSPSQEAAGEA	0.0716281182180636	0.30906587914939	0.477815205449756	0.452700423898717	0.400817661226121	0.465104488966779	0.709572800731544	0.493812430881607	0.013207174477326	0.0469056204425417
ABL1	T	613	P00519	KKKKTAPTPPKRSSS	-0.952149034295145	-1.29839603273384	-0.395582766694678	-0.164155594191453	-0.321085053203726	1.43653774428447	-0.636666619288424	0.167728939202078	-0.206385798291611	0.731274204220567
ABL1	T	692	P00519	HLWKKSSTLTSSRLA	-1.778853246587	-2.45260297494807	-1.14250995047268	0.565856569393253	0.426120463347125	1.36624768419323	-0.642765025790819	-0.507935480527871	-2.92997058285023	0.751964806293952
ABL1	T	781	P00519	QVTRGTVTPPPRLVK	-1.63631955337433	-1.27909677073844	2.00436455762535	0.0999236678940377	1.40407131420904	0.665512463831076	0.732928126591467	-0.0487245212796095	-0.318362416348174	0.439946214470735
ABL1	T	852	P00519	PAAAEPVTPTSKAGS	0.0731695437614248	0.142384123570395	0.0045887792288507	-0.810219237478639	-0.99706717547093	0.701913245262006	-0.405152039584974	0.727760748271964	0.553311099155342	0.371133465571345
ABL1	Y	393	P00519	RLMTGDTYTAHAGAK	-0.814788666607568	-0.342596611321258	-0.11295327212807	0.832887432885544	0.686779691172475	-0.00761950320651351	-0.240730682369745	0.345449794347608	0.800329496437004	-0.209811420663828
ABL2	S	602	P42684	AQDATENSASSLAPG	1.46147762501077	0.618964819967647	0.338551241667385	-0.1143696162237	-0.0999954582319573	-0.261779283086774	-0.463714630401383	-0.363880374135982	0.960584972391543	-0.645456838328351
ABL2	S	620	P42684	GAQASSGSPALPRKQ	-0.937572086749422	-1.48763987517796	0.990532569739673	-0.739155357901977	-0.647842915566617	-0.357422134518374	-0.306499225255837	-0.00430753014211041	0.0626234923781343	-0.123711155190448
ABL2	S	631	P42684	PRKQRDKSPSSLLED	0.362861206816862	-0.452352486194391	-0.0035221541792626	0.829483085304117	-0.62147633197506	0.0703475807453224	-0.381843549216766	-0.222014340439264	-0.0932717202322162	0.355026559885336
ABL2	S	655	P42684	RKGGFFSSFMKKRNA	1.47220590255459	1.28826044909597	2.17007503307366	0.954698096169719	-0.0493898539899485	-0.941126017685742	-0.701110482572386	-0.0639067996493429	1.09783847939993	-0.108616201694136
ABL2	S	671	P42684	TPPKRSSSFREMENQ	0.0691303562778884	-1.22550313670804	-0.531510399033604	0.254070433918697	-0.0253028021210044	-0.734828019154797	-0.788842120894719	-0.671409780183372	-0.448980740006704	-0.161406374256658
ABL2	S	72	P42684	GDKTGGSSPEALHRP	0.791184829678343	-0.451519424525525	0.509195210110654	1.00771159865007	0.462896908471948	-0.839268398692763	-1.27914619753175	-0.439721150736418	0.37656245315974	-0.331330012776599
ABL2	S	783	P42684	KPFPRSNSTSSMSSG	0.0847302353366335	-0.796615220853382	-0.327718960117899	0.146905800149408	-0.667370903990335	-1.13991786838281	-1.42126365016675	-0.526295445068014	-0.821119737599876	-0.47553319980841
ABL2	S	817	P42684	LQLERTVSTSSQPEE	-0.990751267995382	0.232007674779259	0.542636189653941	0.053013502480349	-0.365332950744111	0.352191325217177	-0.355343131823611	0.889323803446367	0.353065113113476	-0.206522576047313
ABL2	S	866	P42684	ALPLRTPSGDLAITE	0.130973001637468	0.553638900767383	0.432160627652703	-0.467110388807539	-0.676565015271541	-0.304556254613143	0.131263496832303	0.321652455693654	0.556597094719079	1.03269720958571
ABL2	S	936	P42684	HKVPVLISPTLKHTP	1.42981670011216	0.477413758066118	2.2389514839819	1.73723503263931	-0.0344969134022102	-0.00640883420105022	-0.57914917787504006	0.646553212805948	0.276655549577671	1.6104375805535
ABLIM1	S	216	O14639	CAQPMSSSPKETTFS	0.224181077462588	-0.596402733102519	0.547688902268831	0.276898852011093	-0.0976399421185906	0.538392218257431	0.359574290903191	0.372566049668434	-0.722287101798259	1.92557635829495
ABLIM1	S	353	O14639	LRPTRTSSESIYSRP	0.762866448515866	0.491487889058422	-0.191708830288926	0.771031741568573	1.01485786411481	0.196176446046474	0.274806536984908	0.983317331621104	-1.07142413044527	0.319523903896802
ABLIM1	S	363	O14639	IYSRPGSSIPGSPGH	-0.195057996893732	-0.373555062414844	0.246786569439972	-0.202194560246939	-0.0976399421185906	-0.255483804258365	0.0360761984679915	1.11762753375707	-0.706931391760029	1.29951527026913
ABLIM1	S	367	O14639	PGSSIPGSPGHTIYA	-0.423309417618614	-0.086291304533399	0.464651559426753	-0.0361007541926268	-0.290640294633159	0.123213460650553	-0.342575423723828	0.425598101090154	-0.70806885176286	1.52644554880866
ABLIM1	S	422	O14639	DDKQERQSLGESPRT	0.422928633459717	-0.655064158951853	-0.59424321617349	0.214329267538579	0.165342034280197	-0.19131834696881	-0.490217524991538	0.492753202158138	-1.07471012600901	0.0742098272444407
ABLIM1	S	426	O14639	ERQSLGESPRTLSPT	-1.2881018892194	-1.85127939443705	0.49580755843259	-0.0553646020181042	0.0873060649760782	-0.0616960521172072	0.552699382557002	-1.34183094689151	-1.1724053018078	0.946681273461467
ABLIM1	S	431	O14639	GESPRTLSPTPSAEG	0.114788033432176	-0.0117322851698668	1.11618555450471	0.919810812706256	-0.0333571475409037	0.177290009561246	0.315035774276041	1.26704939901454	-0.288662071829786	2.22680079342807
ABLIM1	S	435	O14639	RTLSPTPSAEGYQDV	0.26317841984793	-0.518511467063521	-0.295382790749897	0.249177676290816	0.0347520181538239	-0.139743847336074	-0.0890770332542999	-0.783899193678775	0.0746932068526284	0.714269587227742
ABLIM1	S	455	O14639	HRSTSQGSINSPVYS	0.305057748940818	-0.983429300096645	0.109964430473601	-0.128779581132522	-0.626035395420286	-0.49826329548727	-0.852764131687831	0.145114335115359	-0.501683053471249	1.33931872306387
ABLIM1	S	458	O14639	TSQGSINSPVYSRHS	-0.12802347595526	0.148635136957845	1.27328502699136	-1.17494303351297	0.313587580640796	0.0389508978703078	-0.270497257648891	0.6096920532292	0.477335456760168	1.14890305270257
ABLIM1	S	541	O14639	LAAQSKSSEDIIKFS	0.677938221789528	0.381875653130285	0.529472543630937	-0.0674234673891707	0.0700576082749731	-0.16492576264971	0.746688231254169	0.65304981564323	-0.540103924678016	0.887482070364197
ABLIM1	S	586	O14639	GPDMKRRSSGREEDD	-0.316618440516027	-0.952397752931376	-0.22750358575249	0.2649158285606	0.17225661383879	-0.303264874340649	-0.602457668243248	-0.573960737624153	-0.14047631034974	1.29631075500175
ABLIM1	S	640	O14639	LLASRYDSPINSASH	0.557014226874024	1.36232277883853	0.58624907748773	0.888452264406304	0.537359025833082	-0.334693758320001	0.617303840452298	0.65629811706187	0.197665271603233	0.927197482785308
ABLIM1	S	655	O14639	IPSSKTASLPGYGRN	0	-0.57384064623739	0.619690057031017	0.402113862876696	-0.236691377197984	-0.845563877521173	0.120922072642712	1.25299696461651	-0.593880505923013	1.1725995998113
ABLIM1	S	706	O14639	MRMDRGVSMPNMLEP	0.449903580468537	-0.141620483707268	0.876048739175975	-0.288881875461587	-0.713341460396364	-0.178727389311992	0.360613522957824	0.386618484066466	-0.394066698758875	0.716462150305418
ABLIM2	S	279	Q6H8Q1	RNKETRTSSESIISV	-0.585500858736089	-0.238741589935928	-0.0921665481444972	-0.965467648891049	0.429539760931045	-0.737330068432755	-0.347970407738078	1.15335884936212	0.267871830666914	-1.07359694391929
ABLIM2	S	294	Q6H8Q1	PASSTSGSPSRVIYA	-0.0015414255433612	-1.2179361598825	0.918597898038209	-0.176939200696215	0.913104423688018	0.506914824115385	0.934418078837606	-0.10069734397786	0.201043276236661	-0.0710053119770671
ABLIM2	S	364	Q6H8Q1	YKQCRTSSPSSTGSV	-0.0423892024424318	-1.64765713740603	1.01892083666807	-0.613940347036374	1.46680267911072	-1.16509978369645	0.238652218260478	-0.281542994698265	0.799255228656552	-0.221617529543625
ABLIM2	S	382	Q6H8Q1	RYTPTSRSPQHYSRP	-0.711668502620044	-1.1718399018358	0.301502128414375	0.859250389151854	0.898253464601681	0.240470685803757	-0.275767648783104	0.0367905443285167	-0.173399458209486	0.738579324753396
ABLIM2	S	446	Q6H8Q1	RQHAARRSDGEDGSL	-1.34739860309057	-1.67725657139028	-2.0986932959841	-0.10830226257788	0.542148628028127	-0.0702689511241405	-0.0726586428812189	0.309529005945749	0.0318488800792933	-0.869666866689995
ABLIM3	S	163	O94929	EEIKHGQSLLALDKQ	-0.641906923369997	0.27852504073651	-0.062293179857723	-0.34720184095664	-0.368390528576311	-0.32973816992678	0.866571071842248	0.756922853656973	-0.0852303656551239	-0.780974102398597
ABLIM3	S	277	O94929	KLKHRRTSETSISPP	-0.384441164423918	-0.261373098606796	0.49603156408765	0.30223005348239	0.211312590686226	1.19643117836024	-0.339383496698883	0.537170193295637	0.70813204398524	1.42752722226579
ABLIM3	S	282	O94929	RTSETSISPPGSSIG	-0.537767423159536	-0.112554505243578	-0.440315863124381	-1.82875482349072	-0.323179846425093	0.625921772218678	0.606688827322828	-0.5057464078327	-1.75863954882288	0.178570561770691
ABLIM3	S	372	O94929	DLRQRRASSPGYIDS	-0.975337012561771	0.146549431914727	-0.105906067691513	0.440641558527651	-0.094220644534671	0.66640806677979	0.0455777486817834	-0.153800010647811	-0.0658462957194914	-0.610739282142519
ABLIM3	S	373	O94929	LRQRRASSPGYIDSP	-1.08275421552196	0.41958539388565	-0.332879236997241	-1.98645158364135	-1.92286099241483	1.74994904765806	0.353190436853299	-0.936781883036666	-2.34051353249378	-0.542153385630124
ABLIM3	S	379	O94929	SSPGYIDSPTYSRQG	-0.755780211729266	0.426656440159094	0.194065502287235	-1.34991198624094	-0.397208825500357	0.578667140505843	0.745648999199535	0.0202273721878163	-1.15296337860509	0.15491301437277
ABLIM3	S	394	O94929	MSPTFSRSPHHYYRS	-1.72413263979768	-1.97012142506302	0.782839488043395	-0.616367288494702	-0.475586301727827	0.797556096693606	0.318227701300986	-4.2549923974263	-1.63238148850854	-2.13218326369141
ABLIM3	S	503	O94929	VPRARRFSSGGEEDD	-1.86204205638028	0.345928857996723	-0.23966998586466	-1.20505227598035	-1.3554095622657	0.267928762436932	0.498460231918853	-0.763748041499089	-0.0384208712067666	-0.798261618972586
ABLIM3	S	551	O94929	PPRSSTSSREALHTA	-2.29042462288398	-0.629003042680302	-0.414919333928485	-0.753960367140646	-1.4652945307447	0.124504840923047	0.713803959811123	-0.617318500038183	-0.69271314172463	-1.72655909432123
ABLIM3	S	563	O94929	HTAGYEMSLNGSPRS	-0.352841940785014	0.450616941050919	-0.548749735162354	-0.406891903872779	-0.172332598229543	0.776167610930421	0.1187693776724	-0.294536200372828	-0.834263719854822	-0.334534528043973
ABLIM3	S	576	O94929	RSHYLADSDPLISKS	-0.664836104670958	-0.475817056534124	-0.263936303028278	-3.40340618570195	-3.05882763418364	0.051541855527126	-0.63853386671124	-2.29591356574484	-1.11641699277951	-1.10269056937308
ABLIM3	S	585	O94929	PLISKSASLPAYRRN	-1.7434004590897	-0.309968362623996	0.706782866577152	0.498433102004083	-1.17509860300701	0.340007899648884	1.09772597313716	-0.492753202158138	-0.589457050356445	-3.03931905982476
ABLIM3	S	599	O94929	NGLHRTPSADLFHYD	-0.506165612801219	-0.0766843006449288	0.661241969982417	-1.12921035540761	-1.12342921729444	0.740977498504955	0.217422192001537	-0.686592058553106	-1.60388179621536	-0.847678617569452
ABLIM3	T	461	O94929	STATKSKTSEDISQT	-1.92010517956514	-1.93242538454682	-0.783833837876196	-3.25536275674395	-2.93018606063751	-1.245085852921	-1.87098885264552	-1.58508490588199	-1.47433774033729	-2.68574205989722
ABLIM3	T	489	O94929	ASESEYWTYHGSPKV	-0.294315939685521	1.1852384893795	-0.017749529173822	-1.63007039887002	-0.30439346935959	0.982546320728397	0.984301217460014	-0.892364891899167	-0.650943082731747	-2.11818459173393
ABLIM3	T	543	O94929	SSYADPWTPPRSSTS	-0.768882328847836	0.675960122479249	-0.104908821780679	-1.09189613048582	-0.754676968966413	-0.197613825797219	0.359574290903191	-0.41854434389455	-1.06807823198202	-1.06389906876803
ABRACL	S	27	Q9P1F3	KNADGKLSVKFGVLF	-1.05309797247549	-0.885405710393379	0.546691656357997	1.67095499389245	2.62349265697249	1.12137335973767	-0.504844085968745	-0.867437709273511	-0.892463756666388	-0.402637223505813
ABR	S	53	Q12979	TMPYIDESPTMSPQL	0.46685926144551	0.476580696397252	0.660178241010861	0.712762369542661	0.293983607826324	0.545979077358334	0.191961006663016	0.388807556761637	1.09341502383336	-0.218413014276252
ABR	T	74	Q12979	GGDGVSPTPPEGLAP	-0.243448896754602	0.142384123570395	-0.306551944951234	0.609162306040291	0.238894924529843	0.427656359891055	0.464536728421174	-0.115376426482136	-0.242594941715093	0.015010624147171
ABT1	S	32	Q9ULW3	AEEEQEESEEAACGS	1.78279435632132	0.457484468463466	1.64801494613015	0.485236607824425	0.13092110526874	0.480522239796285	1.31290766238052	0.466623918856257	1.01894249003249	1.62654448623951
ABTB2	S	31	Q8N961	GDSCRSLSLSSSKSN	-0.239595332896199	0.80845622435336	0.329180927523293	0.394738688782268	1.19872997912733	-0.328107664622387	-0.0299048248934191	-0.523047143649373	-0.0603485723724705	0.484042549086247
ABTB2	S	365	Q8N961	HPLCPGASPARQARQ	-0.195567354106546	0.263202383490881	0.747127109779517	-0.206362867683353	-0.415624523320833	0.491397032289417	1.00801175923549	-0.397422617045858	-0.0317856878569138	0.0328314242422573
ABTB2	S	67	Q8N961	SMNSRHNSWDTVNTV	0.738005648432383	0.454782249395251	0.620687302941851	-0.72709649253091	-0.89942723335234	-0.328446789654286	0.525034880173053	-0.126683755326985	0.733345740714681	-0.261420982338371
ACACA	S	1216	Q13085	YGMTHVASVSDVLLD	0.0438824584375629	-0.389635100618743	0.858829626448915	0.56464309866409	-1.26240466798308	0.36978638142991	0.948225018992022	0.312168361397776	-0.64765708716801	-0.44323505908725
ACACA	S	1259	Q13085	VMGCFSDSPPQSPTF	-0.630803749244671	0.706922247838779	-0.930761402072347	-1.76491733364836	-1.32668746256077	-1.48342502086627	-0.744609767144902	-1.11868676248054	-1.59724661286551	-1.64594023654204
ACACA	S	25	Q13085	RFIIGSVSEDNSEDE	-0.385211877195599	1.54456575588382	1.08680004166548	-1.00043077427508	-1.42090810709544	1.44929957796801	0.64165156287514	0.76130299118184	-1.62802122516435	0.660467462475522
ACACA	S	29	Q13085	GSVSEDNSEDEISNL	-0.0870905431999053	0.523509837076719	-1.17495368410514	-2.20555889217601	-0.913180408078771	0.440247317547873	-0.602457668243248	-0.707211711036651	-1.89804159139217	-0.0602111552869666
ACACA	S	80	Q13085	LHIRSSMSGLHLVKQ	-0.170664709379018	-0.753504279489551	-0.638900765501712	-1.83472982153557	-1.61618799133262	0.297469086170236	-0.985860065541964	-1.67859506570666	-2.21643560385154	-1.11715305275083
ACACA	S	841	Q13085	GSLPRIQSTALRGEK	-0.898265735393713	-0.928100120922776	-1.50125254612989	-2.70634309371785	-3.00601848260977	-1.20158127639441	-1.3501851315520501	-1.29522488305884	-3.00024033413629	-0.608857900800979
ACACA	S	96	Q13085	RDRKKIDSQRDFTVA	0.722639562547001	0.13481714674486	-0.111302216963531	-2.295465968586	-1.17139662601336	-0.55742465422091	0.496809534144494	-1.05047243268909	-0.749775718533364	-1.28450464612196
ACACA	T	1357	Q13085	REFPKFFTFRARDKF	1.72089961888427	1.17989229916211	-0.00920211198371514	-1.22917000672248	0.399677895364814	-0.840479067698227	-0.651535968386096	0.403919219883139	1.16978562974812	0.270022575950794
ACACA	T	833	Q13085	VQQAELHTGSLPRIQ	1.0102434672604	-0.0226315086708673	-1.90433407882484	0.431424115364899	-1.31787275738705	-0.578813139984094	-0.926080983393803	0.289015159572765	1.32907528110757	-0.27752788802438
ACACB	S	222	O00763	PTMRPSMSGLHLVKR	-0.362090494045181	-0.288169915621995	-0.526411426759682	-0.483947295174688	-0.104554521677183	-0.206411353903586	-1.26533925737733	-0.125624526603515	-0.905670931143714	0.263529216066906
ACACB	S	72	O00763	HTLPKTPSQAEPASH	-1.26652193161234	-1.97685534021969	-1.47386152511233	-0.303367682290982	-0.791453414091237	-0.35613075424588	-1.33006856820879	-0.440780379459888	-0.435773565529379	-0.300128153594278
ACACB	T	1342	O00763	MTVPISITNPDLLRH	0.590125135366172	-0.474983994865258	1.0599960649481	-2.0694984866685	-1.60585411419011	-0.849276595804593	-0.306382849993537	-0.390926014208577	0.626866846005138	-1.78145750061228
ACAD9	S	474	Q9H845	VGRRLRDSLGRTVDL	-1.17870884518898	-1.45964883315306	0.0886898510424846	0.7703217282996	-0.222495642730433	0.163595148000156	-0.505957548884423	-0.552281856417139	0.577957233435701	-0.731237904083632
ACAP1	S	547	Q15027	PPVPPKPSIRPRPGS	0.139450842125954	0.263802861807656	0.0744624760479252	2.24408658782696	-0.350364025765619	-1.33241424025148	0.440189005998332	0.983317331621104	0.3315695908255	-0.0591992030972697
ACAP1	T	739	Q15027	RRSHDLHTL______	-1.43217700797543	-0.83014595302525	-0.21327621075793	2.32956043231245	0.272176087679993	-0.19131834696881	-0.125153231722291	0.949775088711228	0.986936129123816	0.543249667168962
ACAP2	S	379	Q15057	EKLDKKSSPSTGSLD	-0.97456629979009	-1.17607481102197	-0.982418740253528	0.108378104498453	0	-0.845563877521173	0.0265004173931542	0.180845650720406	-0.369927269809887	-0.409840636827252
ACAP2	S	381	Q15057	LDKKSSPSTGSLDSG	-1.04927726909488	-0.556207507579721	-0.829374734470931	-0.470674959074458	-0.516921810297877	-0.251315349789769	-0.657611197999869	-0.0963898138357492	-0.282090080702312	-0.89637844078539
ACAP2	S	384	Q15057	KSSPSTGSLDSGNES	-1.49532728570501	-0.680194852629319	-0.313599149387791	0.381636544322055	0.572010493594358	-0.603995055297731	0.411535893634866	1.10138602666387	0.410623061022317	-0.58735391676992
ACAP2	S	387	Q15057	PSTGSLDSGNESKEK	-0.668899069558878	-0.682694037635918	0.189596396776371	0.158823411869333	0.0434424568812152	0.00368007417781055	0.543317056735757	0.0963898138357492	0.162530395960203	-0.541141433440427
ACAP2	S	521	Q15057	DKYSISLSPPEQQKK	0.249614598928047	0.306566694142792	0.157566301950725	-0.0023510995377551	0.0148929405877383	-0.882045370219133	-0.00846231815915848	0.45271435641098	-0.230525227240599	0.100014608081712
ACAP2	S	581	Q15057	ESLPSTVSANSLYEP	0.215703236974102	-0.020583565401571	-0.700042139332669	0.10360006350237	0.473230785614461	-0.26048790281428	-0.990846461855675	-1.30278071461959	-0.0753525125502036	-0.680959494316885
ACAP2	S	775	Q15057	LNRFQQDSQKF____	1.07444583045927	-0.0785667400732833	2.15079494546421	-0.463732973960666	-1.16580732504236	1.06124682176197	0.49318984078464	1.70352224833232	0.316213880787269	1.25521624793463
ACAP2	T	458	Q15057	VRSLTLDTWEPELLK	0.341281249209806	-0.11454995370464	0.857765897477359	-0.287744246652996	-0.193000352514568	-0.447675189149766	0.878225317026352	1.1598554521994	-0.363355278682414	-0.652337428724018
ACAP3	S	369	Q96P50	IASAYRESPDSCYSE	-0.0403948792823185	1.21774404248375	-0.450724939990191	0.736804258364222	0.61798105000038706	0.227653840188519	-0.0473981445249049	0.061717726954172	0.714704035112713	-0.102207171159389
ACAP3	S	544	Q96P50	KCLRPHSSPRAPTAR	-1.56392072238458	-1.13666521188721	-0.205165277349817	-0.135423128818044	-0.0123408602908593	1.360570638389	1.33214703231806	-0.00324830141864064	-2.18240659210015	0.158061516998955
ACBD3	S	20	Q9H3P7	SVDGLTLSPDPEERP	-0.605847342508241	-9.0248347460511e-4	-1.40498507420409	-0.86080579850066	-1.10276146300942	0.0414529471482652	-0.243922609394691	0.899920723459918	-1.2760254064558	-2.06657503005939
ACBD3	S	316	Q9H3P7	EVVVAGSSLPTSSKV	0.449903580468537	-1.3226242429367	0.0177524252518543	-0.600743852856716	-1.12107370118108	-0.333450888210201	0.241844145285424	-0.581587184433136	-1.04399870593255	-1.1510956157802399
ACBD3	S	345	Q9H3P7	AKTHTDSSEKELEPE	0.750337052779272	-0.117322851698668	0.909489718719262	-1.03342048164392	0.91634731089405	-0.0671472010789097	2.54233275993876	-0.484588730752242	-0.144899765916309	-2.14702081832188
ACBD3	S	43	Q9H3P7	PPPLPPPSPPGSGRG	-0.0770712771680578	0.464015349558519	-2.22172947517681	0.467550305701644	-0.10956033042903	1.00393480649158	-2.73221530249251	-0.332456588673046	-1.45677030251577	-1.5996434238634
ACBD5	S	196	Q5T8D3	GKAESSDSGAESEEE	0.247357560689015	-1.56985801566098	-1.31277306898234	0.0276823010090521	-1.01545539803334	-0.868163032289821	-4.8990883672644	-2.45258689421312	-0.150943483740188	-0.261420982338371
ACBD5	S	200	Q5T8D3	SSDSGAESEEEEAQE	-0.938342799521103	-0.560372815924052	-0.245680733368496	-0.96190307862413	-1.07745866088842	-0.553631224670458	-0.97193241229133	-1.68449845196902	-1.7443581065651	0.0398034527947455
ACBD5	S	418	Q5T8D3	GHRMQHLSEGTKGRQ	-2.05462391020396	-1.13671264716804	-0.470698621874445	-0.235944214901811	-0.41008775689808	-0.929826440301418	-2.46490997186857	-1.6385562199595	-1.98151851715556	-1.13060358393888
ACBD5	S	444	Q5T8D3	SDRGSRGSLNEQIAL	-0.15948937418965	0.303998087330454	0.41498871306724	-0.180579612883707	-0.130997089659494	-1.0128783340762	0.145269795065554	-1.48150790789305	-1.89475559582843	-0.858472774259552
ACBD6	S	108	Q9BR61	ALGDSSPSQAMQEYI	1.38130996504451	1.48852466209408	0.236614661149469	1.15939543979556	-0.68925440852742	-0.532242738907273	-0.241844145285424	0.312327711993476	0.441334481098779	1.13279614701656
ACD	S	25	Q96AP0	LGSETPSSPRAGQLL	0.49383420845433	0.224440697953724	-0.259947319384943	-0.290873022576348	0.327415016855756	-1.38277807087875	-0.0636158479157792	-0.138617732278077	-0.67293397611983	-1.0057961472096
ACD	S	339	Q96AP0	HASRTPSSPLQSCTP	0.379768718245604	0.136483270082592	-0.260944565295777	0.352740772583839	0.640928336008024	-0.627885590338873	0.0890770332542999	0.135369430859437	-0.256876383972872	-0.0656082336320169
ACD	S	349	Q96AP0	QSCTPSLSPRSHVPS	0.616281200055082	0.782891603375174	0.559709322844635	0.740444670551713	0.318146644086022	-0.172431910483583	0.553094394236253	-0.0844558368846564	-0.0447563617324366	-0.332426294315438
ACIN1	S	1004	Q9UKV3	VRTAQVPSPPRGKIS	-0.259633864959895	-0.589738239751588	-0.415983062900041	0.356381184771331	0.609926704580487	-0.0906713969812953	0.380730086301087	0.257745656044311	0.499534517910345	0.676658697510673
ACIN1	S	1104	Q9UKV3	GLLVDRPSETKTEEQ	-0.0285163725521814	0.470771142887319	-0.371372929155418	0.181793083612871	-0.0827470015308522	0.98375698973386	-0.316075006330674	-1.02252790950915	0.0242026211713677	1.11660491198141
ACIN1	S	1161	Q9UKV3	ERRERTRSEREWDRD	-0.626348635635159	-0.382861258649795	-0.0278549544036025	0.0662099966600068	0.823518826989326	0.967453313793621	0.93122615181266	-0.536040349323936	-0.664150257209073	0.519553120060226
ACIN1	S	169	Q9UKV3	LEEASAESEDEMIHP	0.77233072426313	0.181746287424327	0.703791128844651	0.335274565601619	0.060920439467985	2.5413230208959	0.270423026787845	-0.185223796110747	-0.0724182868469646	1.7857582974185
ACIN1	S	208	Q9UKV3	HSPRKSSSISEEKGD	-3.09850618989707	-2.03211509758782	-1.5954590431733	0.274547752473338	1.149795800886	0.0741410102957741	-0.853803363742464	-1.50158861182147	-2.45658030628103	-0.168911686330244
ACIN1	S	216	Q9UKV3	ISEEKGDSDDEKPRK	-1.4414255612356	-1.38628403879923	-0.764553750266746	0.494792689816591	0.555901802754559	0.315709832519216	0.929147687703393	0.129932056745625	-0.1152626136203	0.267830012873118
ACIN1	S	240	Q9UKV3	QARAAKLSEGSQPAE	-1.89749484387758	-0.289002977290861	-0.466643155170388	-0.912529988331273	0.445648451770843	0.428947740163549	-0.333073873510036	0.497060732300248	-0.511305053571685	0.242025232035846
ACIN1	S	243	Q9UKV3	AAKLSEGSQPAEEEE	-1.57162785010139	-0.560372815924052	1.62591118106212	-0.467110388807539	0.838487751967818	0.294321346756031	1.28122466164101	1.07426977134304	0.40183934211156	1.28332403523398
ACIN1	S	295	Q9UKV3	GDDEGQKSREAPILK	-1.01382448159757	0.0303912491984397	-0.24472269847955	0.490014648820508	0.197559415959794	-0.46178180278931	-0.47834366857559	0.0444169911374991	-0.892077062526589	1.17900863034605
ACIN1	S	328	Q9UKV3	DERPKTRSQEQEVLE	-0.0285163725521814	-0.330031264482525	2.14168676614526	0.668167320245887	1.38869072541584	-0.783900469509576	1.20276264151618	0.94580434912508	0.172353507947412	1.47053519032791
ACIN1	S	365	Q9UKV3	EKEMKTTSPLEEEER	0.181791875020156	0.15911477875346	-0.28627461143095	0.427445064347993	0.191784602262508	0.0376595175978136	0.0604239208908334	0.372566049668434	0.406199605455749	-0.115109561578024
ACIN1	S	377	Q9UKV3	EEREIKSSQGLKEKS	1.19330421830268	0.231174613110393	1.07569737052486	0.604384265044208	1.00390577063877	-0.892053567330963	-0.0625766158611457	-0.09857888653092	0.757485169663669	2.26120716787776
ACIN1	S	386	Q9UKV3	GLKEKSKSPSPPRLT	-1.22263947317478	-1.3821187304549	-0.78483108378703	0.308221565207637	0.65354174487315	-1.20408332567237	-0.223806046051429	-0.511183781946512	-3.48877940535259	-1.20270517745479
ACIN1	S	388	Q9UKV3	KEKSKSPSPPRLTED	-1.2257223242615	-0.687692407649115	-0.650069919703049	0.426231593618829	0.727094635122796	-0.263070663359268	0.323498092435199	-0.176538120578295	-0.222815776110294	0.143022576143831
ACIN1	S	400	Q9UKV3	TEDRKKASLVALPEQ	1.19104024953587	0.659160045490445	-0.0765205548522824	0.0385276956509547	0.114812414428942	-0.0793718195969712	-0.0890770332542999	0.0108041329793917	0.706994583982408	0.218413014276252
ACIN1	S	410	Q9UKV3	ALPEQTASEEETPPP	0.607803359566595	0.509278366900253	0.491976097383594	0.610375776769455	0.707566646699078	0.243957516128758	0.972572741414864	0.270738861718874	0.84311063098796	0.532455510478862
ACIN1	S	478	Q9UKV3	VQLVGGLSPLSSPSD	-1.111705003601	0.906301673920775	-2.13157844483745	-2.48844925591235	-2.98877002590867	0.750985695616785	1.28976121066122	0.780792799693684	1.29101710321421	0.917587648007681
ACIN1	S	490	Q9UKV3	PSDTKAESPAEKVPE	0.060067426642855	-0.41715563068479	-0.763556504355913	0.565856569393253	-0.299834405914364	-1.27204221251237	-0.366997377007716	-0.550163398970199	0.158106940393635	-0.682055775855723
ACIN1	S	522	Q9UKV3	QKDLEPESDRSAQPL	1.09393044030412	0.752185265180513	0.882098697701699	0.688644638800528	0.360621918517378	-0.317147212269962	-0.123000536751979	0.40892618445018	0.776190067488016	0.475448870459269
ACIN1	S	551	Q9UKV3	EECLKQPSLEQKEGR	0.472254250847274	-0.919988362516841	1.75256141173799	0.372004620409316	0.297478889800998	-0.524026769695798	1.37037592575636	0.154859239371281	-0.2107460616358	-0.969616585377945
ACIN1	S	561	Q9UKV3	QKEGRRASHTLLPSH	-0.65481683863911	-0.452352486194391	0.0694097634330349	1.11244929096103	0.516845825907123	0.372288430707867	0.349998509828353	-0.267490560300233	0.516027687951407	0.480845948804319
ACIN1	S	657	Q9UKV3	SNSRKSLSPGVSRDS	-1.52885329127312	-0.830562483859682	-0.607487519310454	0.396729086516031	0.471483144627124	0.16034064348476	0.31715135381583	-0.172724897173804	-0.186575036575622	0.152214475200245
ACIN1	S	665	Q9UKV3	PGVSRDSSTSYTETK	0.674855370702806	-0.21194477292073	0.365240128518283	0.615229659686111	-0.166557784532257	-0.624844485702838	0.369138203127278	-0.0714626312100939	0.00884691113313702	0.16565708141308
ACIN1	S	667	Q9UKV3	VSRDSSTSYTETKDP	-1.38699264031711	-0.844177438487921	-0.786866568091808	0.753641164731371	-0.1401912009407	0.113124552271692	-0.865662530650093	1.1378120826516	-0.389706435414686	1.58024767356088
ACIN1	S	703	Q9UKV3	RTSTSSSSVQARRLS	-2.53689742708308	-1.48685191098395	-1.69540618244251	-1.1377876959958	0.647479128705285	0.891816002089394	-1.17684843151314	-1.25299696461651	-1.72637787563726	0.28049151089049
ACIN1	S	710	Q9UKV3	SVQARRLSQPESAEK	-1.54465290309257	-1.13837877050577	-0.127180647122629	0.620007700682194	-0.157363673251051	-0.0818738688749287	-0.250306463444583	-0.927036978780744	-0.768417424135331	-0.0796069055894909
